age,income,credit_score
37,28089,713
35,36641,749
43,39212,749
40,46883,682
18,38584,708
40,60606,625
26,25923,704
22,26304,668
33,44992,693
39,47365,633
20,28180,716
41,40899,632
42,43984,706
35,44101,651
27,52278,666
26,40076,746
44,72168,724
21,57323,746
45,37893,762
34,51418,669
34,51860,760
20,68221,641
34,40994,730
41,61510,680
23,50628,663
39,72373,725
36,69363,738
29,52955,737
43,46066,709
18,57599,705
38,47293,721
50,75205,712
48,51177,722
39,43915,708
32,43106,734
29,31804,635
32,58348,695
40,37700,645
28,66472,711
42,30606,766
54,51909,681
34,67253,705
23,17716,730
23,80274,617
42,43621,679
34,52116,715
43,58572,584
30,60892,661
42,54108,744
34,64961,740
28,57786,715
31,76413,735
24,57835,709
53,79470,722
34,63516,687
41,22914,705
30,89167,675
26,41385,751
33,72433,761
45,50402,755
30,65916,684
27,39673,662
36,59386,751
39,46202,722
50,73685,713
38,56580,675
41,64039,717
41,17539,657
25,48716,725
26,56158,755
25,53354,765
23,64417,728
42,44511,645
38,50732,708
36,67718,786
18,15820,665
53,58840,698
27,44992,757
53,36315,725
22,55048,799
28,68412,671
18,65587,660
38,47973,749
25,63136,652
25,63021,692
23,48689,697
42,39604,741
41,40471,725
51,62568,718
29,49368,684
37,34307,749
23,24727,850
32,62477,728
30,41798,704
39,54956,648
44,68596,675
44,30366,691
27,49323,679
44,47440,699
35,55696,771
32,68587,750
29,30058,694
30,58547,652
51,65473,753
38,47204,698
37,47938,631
33,56277,728
57,55172,741
47,58735,603
29,58419,667
33,35270,696
33,64854,729
36,67502,679
29,52791,667
39,27588,729
48,48279,681
23,52916,722
25,32831,656
31,44598,646
31,28859,730
53,59109,710
44,52489,737
43,25313,679
33,55272,668
32,49152,754
22,57746,639
42,44127,750
39,37978,753
47,38437,734
33,41927,672
34,50282,667
37,52219,692
43,47139,648
22,43650,662
42,44729,726
35,87616,726
25,38439,658
18,41630,727
34,99408,718
48,56315,760
50,29300,723
38,62640,742
53,36349,719
35,63636,739
44,46836,649
31,43403,695
30,74137,698
29,58496,690
18,64595,718
47,56524,725
29,43333,716
28,59170,693
24,68138,671
33,52021,744
51,77025,714
54,62757,659
20,53180,692
32,53772,630
26,52059,701
44,31231,692
38,48649,677
29,53318,763
36,43759,654
31,55065,728
50,50320,787
40,61605,743
41,59947,699
18,52507,655
34,29492,646
54,76861,684
47,47872,673
18,48787,671
32,44862,687
24,42674,696
50,73161,719
37,70791,650
28,56666,673
35,48387,694
18,59287,692
25,51107,773
35,47147,709
43,55072,635
18,43383,717
32,53784,722
44,53063,695
22,59044,651
37,40713,770
36,60652,657
50,36405,726
33,41412,708
33,42066,724
43,33919,768
23,65235,722
33,35464,678
31,39516,744
34,68831,675
43,41441,707
40,47178,648
28,34820,659
36,62494,702
48,62701,715
28,61084,632
36,58063,720
33,51104,667
34,42134,751
20,37775,686
48,69349,655
28,61472,703
44,39600,663
29,50597,751
29,45498,700
46,33077,694
44,52665,724
37,43768,660
42,35712,648
32,27813,716
35,26543,656
29,44429,656
43,48724,733
29,36870,721
48,59761,650
32,49017,675
35,58653,664
42,47256,771
35,38193,736
32,51712,683
35,31060,723
43,58092,646
29,35943,673
34,63773,704
35,44923,718
43,65938,696
34,33161,710
51,39833,703
34,55714,693
33,67557,688
33,74999,683
23,50620,709
26,77566,716
30,45655,708
45,66482,653
35,35867,660
31,56303,716
46,14875,759
49,33176,706
46,57000,684
27,30313,709
31,56404,655
51,63597,752
37,42480,707
33,35466,673
41,42887,693
44,35513,679
30,48482,752
37,51531,692
43,45410,706
25,75115,723
35,39209,670
25,70871,708
26,34381,711
30,51092,638
39,67747,710
32,66970,698
29,43696,705
35,58326,701
25,56318,710
39,41901,753
45,59239,653
34,77937,686
33,57076,727
38,58495,719
18,60082,718
40,28085,810
63,56903,725
34,34749,745
34,41152,688
42,82429,660
50,46201,687
44,38897,728
18,67289,716
40,35785,716
58,43289,691
41,68736,685
25,50642,693
38,26576,729
23,58160,734
46,44053,660
26,73098,730
36,40907,674
27,65768,719
30,76635,692
48,37236,763
36,47102,683
30,55829,707
25,37140,724
18,54054,665
24,46626,697
36,46324,689
44,50734,679
30,51069,682
49,52458,744
29,41018,676
33,41672,723
25,48221,713
44,49329,644
54,43417,721
19,54859,643
32,22779,725
46,39043,680
22,45801,700
40,37158,648
46,74438,705
36,50283,737
40,52652,668
51,42752,676
53,49763,718
34,31771,719
30,47453,603
27,35945,781
44,45839,721
23,11601,728
33,33080,694
36,71959,626
30,62456,727
38,69786,677
58,70816,722
34,60095,691
31,43207,710
44,34441,669
37,67201,735
48,50969,652
36,87410,790
33,44524,790
19,79593,765
20,47648,751
18,70041,697
38,75450,747
23,34656,696
46,42725,638
35,34505,760
33,31551,745
27,60006,699
41,47051,651
28,50785,677
26,58344,627
46,22139,738
38,69301,636
33,44764,711
41,57986,666
35,59311,643
38,70562,710
28,48427,687
54,18145,734
30,50857,649
49,53011,670
33,34486,604
42,52212,613
42,44585,772
45,29859,783
27,60072,704
45,41544,667
52,43904,688
33,43061,735
35,68532,679
30,49386,710
32,51186,699
50,43390,677
26,56943,679
27,70240,712
49,59718,661
41,60303,718
54,59093,681
31,29296,705
36,36858,755
29,46925,693
36,39112,737
19,34032,628
41,21917,681
38,29802,701
34,46152,777
31,48959,622
27,38104,696
42,51184,758
24,43492,669
40,66359,691
54,47576,713
48,60445,707
21,53048,763
30,28969,718
39,48640,753
34,31466,686
22,48378,670
38,38823,691
35,55729,654
52,29865,719
33,50221,685
46,58586,673
24,63614,720
26,38537,654
41,50266,731
45,52762,681
26,73207,746
35,27780,684
23,36333,725
33,92067,707
43,45904,730
31,21635,704
33,41262,633
25,8467,740
29,53614,696
51,62147,732
36,36325,728
26,42939,669
32,63855,663
21,23747,726
26,30176,688
47,46578,737
34,38715,693
52,45592,741
34,31044,717
35,53215,712
41,47762,685
18,58238,709
37,53006,748
35,53100,698
48,28305,721
44,57389,702
25,45037,705
46,47501,769
33,65724,748
27,39208,703
37,70268,709
33,71667,672
49,61292,693
38,35291,712
37,17206,734
43,66183,730
45,51671,656
42,38822,739
48,67603,696
40,37077,661
37,43638,753
46,57873,759
34,33296,711
35,48358,728
50,66337,731
50,53167,756
35,68711,729
31,67004,647
48,50116,780
42,14949,743
38,33413,680
32,61450,659
38,26746,720
35,45100,689
29,55077,713
36,72044,730
37,41375,677
32,40348,655
43,49213,715
47,55264,679
44,47686,706
33,65739,646
42,38013,690
36,51802,729
24,56678,724
41,43997,668
36,62596,653
58,52234,701
48,61833,722
41,52912,716
37,55646,680
36,40514,712
26,40538,760
19,68366,708
27,59533,635
35,34656,708
18,52713,782
30,14393,649
33,41391,701
33,64415,691
29,48123,704
32,51769,708
51,4754,746
41,44116,703
30,55074,751
34,56979,695
35,64435,686
28,46846,673
28,47515,627
44,30018,711
31,46932,782
25,31076,718
35,22282,727
36,33722,683
18,72630,690
35,45942,739
43,53298,780
39,42298,760
55,23142,732
46,64042,701
48,17417,708
60,41678,670
42,49181,642
36,53457,655
44,39103,702
30,22431,688
36,37984,641
29,38769,699
39,38404,687
29,64551,653
29,31796,685
39,54515,687
34,52374,675
18,64407,737
22,48003,624
25,61867,621
27,47417,700
39,56516,704
37,27456,716
45,10426,678
42,55663,663
45,56468,700
40,57133,682
37,42126,762
45,72346,687
43,43102,698
38,56313,799
46,58920,692
18,75781,722
32,45245,726
32,40202,729
45,27528,712
49,73286,708
22,56321,704
48,56796,677
24,96751,713
25,54876,781
33,30465,748
32,47061,712
21,35378,734
41,44062,665
41,43961,690
44,41195,738
31,29101,759
35,73888,669
35,54483,681
50,46618,787
18,61365,704
26,57066,773
35,54135,708
25,60275,710
33,52009,688
34,60053,738
29,61297,754
36,52441,659
41,46694,686
33,72956,737
31,42831,695
34,55870,680
35,56209,740
19,40857,744
39,37883,682
31,44692,708
46,42617,652
40,28128,664
46,40228,705
26,53993,701
32,68989,661
24,58316,671
29,11007,657
46,59620,718
48,41628,621
25,56796,660
31,49788,625
34,47110,717
40,48466,628
19,49664,701
21,70166,766
39,49705,767
18,66283,628
31,64099,712
36,60006,660
39,23201,652
34,66749,695
32,43131,749
43,60736,724
38,35412,671
29,32224,728
35,79646,610
38,35645,670
50,67192,667
42,51776,703
46,43698,692
30,49328,694
30,30484,693
33,49794,701
34,33759,722
26,44068,706
46,63879,689
43,53813,716
32,27767,733
41,62772,678
37,49894,698
41,41867,746
23,61200,656
34,47492,772
34,32515,646
41,77717,686
29,49741,662
18,48779,788
25,43923,680
34,67699,680
36,42127,685
50,26825,704
40,39820,687
36,69902,695
35,62482,559
45,46175,702
30,70599,701
34,61219,742
25,46001,752
48,47511,692
39,54940,733
29,37522,656
34,50068,731
40,54628,677
33,24696,653
30,47160,693
29,45454,756
38,65421,707
32,22333,760
31,44277,670
23,42774,742
36,64401,674
33,49347,709
32,76941,709
37,59933,726
42,43847,710
41,53595,670
40,44689,735
33,62891,769
30,30017,677
26,37645,627
30,56835,720
35,68386,687
28,16970,695
36,70617,722
26,47898,682
20,21742,689
42,4974,696
31,27059,759
27,49704,701
25,49012,651
39,59498,652
47,41758,706
31,33379,655
33,43804,638
45,50504,725
19,53462,727
53,38163,685
57,63522,712
18,40679,708
34,36954,724
29,41864,724
33,66123,596
31,48008,690
42,39582,721
34,63892,684
27,82141,701
33,53145,730
40,68508,703
24,65541,760
20,40915,745
53,50400,695
29,30762,692
34,46926,586
31,40607,687
40,43957,646
51,38752,709
40,45694,706
21,57983,728
23,48208,756
31,22034,699
33,38808,791
20,27209,709
42,53661,648
25,57550,678
48,53848,685
51,38189,724
33,53703,662
39,42948,688
24,32927,694
41,61129,682
31,62270,732
25,64233,726
32,40875,747
31,67690,687
32,42596,748
44,59803,645
28,42336,644
51,46640,651
23,13682,700
50,45471,748
26,51366,676
35,43849,681
31,76343,691
32,32563,723
42,41546,681
48,36427,679
46,41543,646
31,65471,677
37,72170,747
28,39488,704
26,39155,670
25,32643,749
31,69594,677
37,66815,757
18,48410,756
35,29059,702
49,30400,640
45,52559,792
30,58240,715
22,19008,687
39,45180,738
18,74274,728
45,46737,752
33,72345,674
51,59736,713
19,33736,653
43,45610,727
34,48070,699
32,35712,711
23,35452,694
40,72602,690
41,35340,665
51,66177,732
44,43453,760
30,49615,678
26,58428,722
23,41022,717
48,58519,700
28,19304,639
48,56596,648
40,12972,669
38,46597,614
32,62814,756
41,59334,715
35,30524,699
32,32455,612
41,39670,627
34,52793,700
28,19521,779
40,49802,672
34,54671,735
39,45754,681
31,57880,702
24,53356,749
51,41875,686
49,20957,672
43,52001,757
32,35704,702
32,41325,744
47,57187,673
32,71260,756
29,49429,711
52,58311,717
35,28333,705
51,53683,680
22,49101,700
40,68438,682
54,41893,738
35,46375,692
33,65882,640
24,48619,633
45,33367,631
28,88274,725
34,33821,654
24,49029,712
49,55200,705
45,54014,697
35,47154,718
25,47229,706
49,46476,592
32,33261,687
25,82253,717
19,46700,766
29,58954,767
22,44980,645
29,44679,686
42,43168,637
32,26752,761
38,47591,741
28,43895,714
36,67573,707
52,32049,755
32,41343,748
38,36523,746
21,71638,718
49,36959,686
31,58434,731
44,64552,733
34,47808,692
41,29348,686
41,29538,745
31,62896,767
45,31091,670
28,55880,689
42,51715,714
31,55657,719
38,57074,679
31,35995,775
35,35367,717
25,60724,721
37,40560,770
35,8748,682
30,59731,696
35,34456,650
36,57007,693
29,70892,640
34,50251,730
26,64936,717
56,52307,689
45,73811,696
37,34068,730
46,49877,655
18,60097,708
18,47144,728
31,67283,629
23,43519,727
33,81041,633
37,81833,695
43,54231,653
25,58289,757
39,67875,654
35,32192,634
38,30320,705
30,68846,683
47,54110,640
34,46602,721
51,50167,620
28,14209,659
42,47142,677
34,38704,732
32,63771,752
41,64925,744
32,58650,694
18,55932,603
18,27540,716
46,58860,759
46,59441,749
52,68678,719
35,81773,652
23,24612,679
31,44173,777
35,38866,643
26,52588,654
50,50201,738
55,46489,683
39,65414,653
35,33479,761
23,34383,718
49,34637,685
36,44595,654
32,31571,782
39,49271,699
30,47518,756
36,38202,736
22,63106,679
45,49107,679
34,65940,758
45,47074,759
33,49637,625
34,41558,722
24,49894,695
42,60683,659
27,43830,710
31,57776,646
35,37809,681
36,61386,668
20,41301,680
33,62775,697
42,50915,659
32,72814,763
33,32689,720
36,27857,772
34,40757,694
26,29231,678
35,29259,770
44,59323,677
26,49937,693
32,42805,729
23,44196,650
43,41041,728
34,74756,723
27,38967,751
36,30168,736
24,61941,752
26,46764,696
22,80582,665
25,42107,784
47,62690,639
28,66233,643
39,42180,723
27,38856,765
42,61120,708
26,58623,740
35,28841,620
35,33073,680
56,11954,625
41,58931,731
30,46073,638
41,47568,649
54,24628,721
20,33528,742
27,42831,694
33,39915,723
31,51768,722
32,58752,691
23,84044,656
48,49700,723
22,66731,725
33,37550,736
44,24876,712
35,44715,653
26,26034,728
23,50220,700
33,38293,681
28,20686,688
37,76040,672
22,41937,736
42,25436,643
36,63473,660
37,39071,687
48,66352,765
31,38999,742
28,41887,634
30,55172,754
33,58898,754
34,61527,653
28,48654,599
18,57929,697
30,61184,745
38,53009,764
36,47860,665
46,28321,770
53,58988,611
42,50633,685
47,43796,683
42,69166,746
50,28582,752
52,74661,738
44,49666,646
41,54763,735
33,44074,720
35,24994,633
32,47906,617
41,55021,742
29,60143,693
33,47030,649
18,17112,692
51,26875,715
33,80780,697
39,33612,638
48,71406,775
38,35989,740
48,47263,687
24,59378,688
57,37697,714
45,73883,655
37,51136,713
48,56913,647
24,45986,697
32,59881,653
48,73682,655
18,48031,766
40,75946,702
40,40826,708
53,61461,620
21,57337,676
49,33971,718
30,53207,708
31,50110,614
24,37202,708
25,55370,715
39,52194,751
25,48911,674
42,48971,610
29,48650,660
24,44485,656
30,52098,729
38,40341,591
33,89852,682
35,28860,757
41,41229,700
45,42414,736
32,80607,634
26,30198,636
36,56389,757
39,53726,704
